name,firstname,surname,company,password,state,groups,street,city,state_province,postal_code,country,telephone_number
Ethan Hill,Ethan,Hill,Ayala PLC,41R0sT64,Massachusetts,Engineers,11225 Evans Groves,Davidside,,70668,cm,936-451-5451
Kevin Delgado,Kevin,Delgado,"Barnes, Wade and Andrews",70j5FD00,Connecticut,Employees,031 Ryan Club,East Michaelborough,,51400,vN,180-315-0391
Daniel White,Daniel,White,Russell Ltd,85b5IN91,California,Security,18386 Kaitlyn Flats Suite 449,Melendezberg,,71097,tK,422-002-6798
Bernard Cowan,Bernard,Cowan,Hernandez Group,56g3jS26,Texas,Finance,446 Ponce Path Apt. 371,South Michael,,14068,eL,100-176-9853
Alicia Spencer,Alicia,Spencer,Fletcher Ltd,39f9RE05,South Carolina,Developers,224 Lawrence Mountain Suite 438,Ballardport,,45533,jN,074-798-1373
Angela Rangel,Angela,Rangel,Murphy LLC,33P5cT28,Oregon,Developers,14785 Phillip Ferry,Carrilloview,,79757,ZD,090-091-8281
Dale Davis,Dale,Davis,Dalton-Mcbride,07W5mC80,Delaware,Developers,17375 Logan Ferry,Stephenville,,89248,QI,000-592-8882
Joshua Park,Joshua,Park,Stevens Ltd,55l0sL49,Mississippi,IT,653 Mcdaniel Route Apt. 157,Warrenhaven,,68252,Xo,163-599-1441
Troy Powers,Troy,Powers,Hansen Inc,15t6HD78,Kansas,Marketing,6788 Adam Club Suite 904,Moorechester,,76342,jQ,399-872-5181
Anita Jones,Anita,Jones,Ramsey-Crosby,82s0HZ87,Oklahoma,Engineers,391 Lee Row Suite 541,Roachville,,35158,FU,675-846-8175
